x,y,cluster
3.5979771210503118,2.4570286314430883,0
3.010004754494782,1.398645436867915,0
3.6660668215075485,2.843373980998057,0
3.021847660833281,2.9267594166200115,0
4.105448725138695,1.906029970948435,0
3.2063857467179275,2.050108413369299,0
2.089981223379448,2.8144767093200134,0
4.570660041226213,0.4784448562547563,0
3.087775713047638,2.391647139310603,0
2.0477793474600414,3.323642479950916,0
4.121109323202237,2.6182010595245644,0
3.431578880847839,2.0035618345888393,0
4.20094015939076,2.385409583537067,0
4.957083494607733,3.387444657062066,0
1.8429305298319545,2.329483903550573,0
4.157900309451328,3.225400512630798,0
3.329453752259142,2.2295012998460435,0
1.9646431948356466,2.332247561396305,0
2.706381449465284,2.016775054539254,0
3.6990617022992605,1.036961002488536,0
2.723995388140568,3.1245227684542813,0
2.6539584546097084,1.2548608720707164,0
3.5979847909081233,2.025455271340766,0
2.0280235405572604,1.0602111100616147,0
3.1056779395660246,0.9935135783701075,0
3.7140601597312597,2.012193693765751,0
5.18891608426595,1.6607869848479226,0
1.9252110742507722,2.308412362994752,0
4.051734993518791,2.6625846919914413,0
3.506583106906013,1.4483551380696538,0
2.974764454709602,2.735162364517201,0
4.424229295459812,0.7110284500469659,0
4.0225160022148465,1.0059292166039357,0
5.148742473642983,2.0027156906280927,0
3.201400578452472,1.3797038197192222,0
2.2792408560248187,0.8908089374765664,0
2.819282924965008,2.734808609917357,0
3.4283498786743407,1.1992416668614694,0
4.537732222307279,1.772807567130749,0
3.3334873001925973,-0.23843638170049264,0
2.615020910783333,2.3217569778506286,0
4.669773267279778,0.44021393871204695,0
4.175407997294157,0.8237068948272628,0
5.33114680535444,1.5043570292768664,0
3.2733087747081084,1.241807835573832,0
2.9790567576881104,0.9204939207254619,0
3.7001596476997745,0.7011047042971967,0
4.3831887082561085,2.4627969572549437,0
2.4307841624140525,1.5052284258180593,0
4.175400285380761,1.589647765278798,0
3.2606127300109597,7.491270929473094,1
1.280071054215803,8.126592201194503,1
2.5451349114639052,9.625870598368751,1
3.5766300790069696,7.521534369676295,1
2.5426307862674813,9.63875835949524,1
3.6913319025676303,7.251254842228713,1
3.469477836323123,7.2029217396364205,1
3.0429291663340416,6.807909521830098,1
1.8259887837311197,8.104723713328703,1
1.966752653733103,9.300801760460217,1
2.8607547669959534,9.12411177205288,1
5.165479871519951,9.002506167027567,1
2.31611207894752,9.782252429540911,1
2.8944750905729704,7.431926612295508,1
2.679186574488931,7.076423666504837,1
3.626652840648338,7.932837009857126,1
3.117621417059299,8.116441568767122,1
3.6032971466262933,7.882367484823795,1
2.3138429714277464,8.201203856184991,1
2.3215384132770946,8.984772279595948,1
0.8108284439494096,7.711877716131786,1
1.8936639215073061,9.68599639686676,1
1.8813682573827162,8.324551427123144,1
1.8585931815808792,9.508380352986272,1
1.9672064847183508,8.492898952704662,1
5.084773823833024,9.046807108431132,1
2.972454690421356,9.050726739533479,1
3.7805757442749472,8.18940904005587,1
2.95903770900609,8.148697581501855,1
3.149699617411356,7.913723881965695,1
3.3088242496908413,10.16721482427117,1
3.3339294628205423,9.518615483000474,1
3.262275792215784,9.039588149591719,1
2.9872201888109973,7.35349552813254,1
2.357725462802149,8.297216493775139,1
2.287453954293091,6.272826736216276,1
2.1625763698412017,9.53421166154348,1
1.8632404192257264,8.757327668183121,1
1.8916971544680676,7.4362719529401655,1
3.0953159699206436,9.032571668926998,1
2.7763918283811333,9.350168332912858,1
5.08099207460018,8.009958430662655,1
3.8032449184072985,9.325532688008819,1
2.9423113837801242,9.534036007246849,1
2.371210728577248,9.284935553397238,1
2.2574361347006495,9.177523118447525,1
3.171387354916169,8.307592041578634,1
3.1905015670152146,10.097321828295653,1
2.8285936096384994,8.75999658017815,1
3.7263755571812345,8.903060603057915,1
3.544967434069406,9.328100059819137,1
2.9818466796278043,8.525179395098439,1
2.999228915197668,8.604257814245305,1
2.9750716148055205,10.051945848794096,1
3.6909164145100206,7.918607474476975,1
2.8699722121819082,8.888646989963888,1
3.242132358868146,9.854978340163228,1
2.8434378501735895,7.978304429619451,1
2.891349992734644,7.931466399858797,1
1.6280299149557615,9.580036633867477,1
3.904014442199506,9.218237048895139,1
3.3260691598286223,9.146274194672836,1
2.771794586860031,10.172431319360197,1
4.145019276566378,7.310481275648923,1
3.212965423377999,8.83006412914324,1
5.228007734198886,9.719000366304309,1
4.032183944756075,7.317344508438859,1
2.7834295040354444,6.791171814687651,1
2.2197205199522685,7.656119521940829,1
2.6040660236731337,8.557415977066594,1
2.1218455815480737,6.973592943013786,1
3.5134444091560035,7.775920078551649,1
3.6353028051745517,9.587769582037337,1
4.461168167922254,8.270082836059638,1
2.3562787907948746,8.702838433183723,1
3.026872305137443,8.323833652158003,1
3.4230507952714877,8.028799573370733,1
3.829769184714075,9.093580880092174,1
2.6933934948396367,8.172545212842039,1
2.3158431673775253,9.733592326424986,1
3.7222606873865165,8.069672674438767,1
4.62363534793593,7.662913291262214,1
2.637994935233207,8.279089085494677,1
1.872699455917872,9.196725613443872,1
2.8490532408362577,9.536018565850155,1
2.0442405361545832,8.383814963433675,1
2.259300592952074,9.990291310795163,1
3.1852873324887545,8.624329513459312,1
4.0023549063127115,7.661322131895056,1
4.732336893610142,7.486207859341324,1
3.590794649600583,8.73426456179249,1
2.361055956733596,8.34855234338419,1
1.5977403563471668,8.395269182822194,1
3.442235453583279,8.347591081662939,1
2.89212742351519,8.812422274186993,1
3.752096216879632,9.096976975015172,1
2.2053892000213073,8.657439603993073,1
4.0810854545555895,8.68380348710229,1
3.27483134924676,8.657020252879516,1
1.7991670119463599,9.346685540331457,1
0.8104043234826155,9.718049688534432,1
3.0108155280153746,6.774809878057058,1
2.416426930446196,7.923912201540843,1
3.794058762442156,9.453792509820389,1
4.109279477318211,8.947182051164644,1
5.3105981892420004,8.743965900263564,1
3.2469268144128582,7.751463436136776,1
3.9613952226548714,7.843629469020606,1
3.1136327975585214,7.989039231600938,1
1.9749437651645445,9.521385160127105,1
3.905735736259104,7.765422713234408,1
3.8207873216652577,8.37472167656881,1
0.9578717944353898,8.474458420558076,1
3.1580191885983804,10.342389812280725,1
3.250631629254218,8.445177297261568,1
3.604593756606625,9.906497395588481,1
3.1294249505923943,9.166423459340118,1
3.18959650433067,8.660624375205744,1
2.346475002469138,8.597829282861944,1
3.1483831899739787,7.704785366224272,1
3.3674744546369655,8.968410146498783,1
2.2438205450902333,9.001017986417025,1
1.891221557885836,9.096670374504555,1
4.081445635947369,8.705746304161698,1
3.245636704444589,8.923941544776167,1
4.207797608862341,8.63974656501244,1
2.1845007569008166,7.505318921285245,1
4.723877154607577,8.011792915341807,1
1.421915917112493,7.8064919717533385,1
2.1351053783713247,8.499716031128798,1
1.4730019462205661,7.486675632507786,1
3.1509562475593795,7.892902355031627,1
3.12292866721453,8.63411059529332,1
1.635131255411938,7.572704467561256,1
1.9548141559292034,7.1936608025464945,1
2.695917198358912,7.1671526571434825,1
3.641703495905817,7.1659705753370835,1
3.690876481649358,7.638727596435722,1
3.533055456735852,8.069412299586086,1
3.4353273914555955,9.058636587101907,1
4.401611538140514,9.056437379636623,1
1.8867847511095415,8.617989176850871,1
2.824094761264688,8.734236104676247,1
2.382937116210158,8.588381928904258,1
4.483973730184201,8.901800269348124,1
4.335208713154588,9.684118163416763,1
3.1840696352170577,8.994926394583088,1
4.240900626284993,9.494118849821419,1
2.5415255957310845,8.232040227462234,1
2.135622830023057,9.221918205760689,1
3.1335237088742507,8.647601487425794,1
3.2445052092077886,8.694542091072394,1
2.706655043827096,8.971469101098474,1
2.8757793996054435,7.689417589999446,1
3.7691665248734685,6.787030167135259,1
1.3854654047700865,9.092097645644886,1
2.195850466194987,7.90656823626486,1
4.268649915212848,9.243726272508882,1
2.5356936134194696,9.467221827657491,1
1.7660858200875524,7.84311233926534,1
3.7910182760627356,8.911066183228543,1
3.14240727308682,7.998555675901441,1
2.253410226959265,9.26404520741099,1
3.3147686081242624,7.995594693598483,1
1.7206634739187288,6.844930914450595,1
4.2854238889888485,7.6074320260297315,1
2.559299197531575,9.25363598187226,1
3.2214604998078977,8.057172073684573,1
2.130051288194994,6.445786463060685,1
2.213779202454372,10.285244194756961,1
2.698785059800609,8.684269074873926,1
2.854477048250779,8.01741162732579,1
2.6433017739378686,9.04869901181454,1
3.264692496358772,7.649560885105335,1
2.6863094941342207,8.301923323661185,1
3.519318197157749,8.78715242030005,1
2.8869870198191285,8.56842304606267,1
2.97473668487351,9.019860666792676,1
3.736420137873039,9.57931001994486,1
4.071519147943107,8.214600482194102,1
2.2452748773984545,8.887801317745307,1
2.835366161379997,10.495192148601644,1
4.229346550614939,6.984374425088219,1
2.7532226290106347,7.826346802686326,1
3.1526354578973725,10.083005859290262,1
3.7529958299862365,8.49335081909342,1
1.3579496625847496,8.366683107197513,1
2.222885947239914,7.282133700903591,1
2.687074698251293,9.322634528654962,1
3.074902387784607,9.492650090532162,1
2.6249949714518825,9.188077628627529,1
3.520894358354615,8.244545564325573,1
3.5420280911165105,8.52088438425814,1
1.760263116516386,8.848202337609477,1
3.6674836173010137,8.387654535131794,1
2.9285612466316904,9.05885312334634,1
5.09573409887199,7.648341402065389,1
2.3350705947296135,8.104846948003628,1
4.668092719847764,8.266542671444604,1
2.0127539891625585,7.74358163367675,1
3.6461647314061714,8.558367740253631,1
2.3872559402960025,9.26983933612024,1
2.574023579582001,10.194181905618176,1
2.8996953588887036,7.7435295002126665,1
4.439191901241077,7.449717068929628,1
1.4929530236399295,7.448686260530188,1
1.9000348314846873,7.601230308368711,1
3.370742002185548,6.734846365989472,1
3.2117058924124633,8.62854806212017,1
2.9634588162069715,8.509936792204234,1
2.6977108055768566,10.064335910368937,1
1.6573730736027392,8.767178480945102,1
4.513709406033603,7.94171297299521,1
2.9065813468263406,10.02140383620841,1
2.3957397279915535,8.222865197185165,1
3.4870858334414656,8.729178390368448,1
2.257118180965489,9.872760133082066,1
3.8058593057412904,8.763826921949734,1
3.0331679543068653,8.171155677429995,1
2.7984824387001885,8.037503793082154,1
2.687128826431763,9.894781557698165,1
3.6175760314600187,8.735373301226089,1
3.906962392621283,8.922549387561759,1
3.4470155251544536,9.319848222669773,1
3.52882335834416,8.233663359688615,1
3.7112247073812155,7.028591309327417,1
3.5161059044825906,8.261890329762139,1
3.9530438208494996,8.772507292455035,1
3.0652186862122694,8.16784710709152,1
2.761251404550224,8.523313180589904,1
3.8796402140874413,7.679600648003396,1
3.091664701225126,8.205210002442053,1
3.100868588659615,8.872835316537584,1
2.092946270732969,8.98838232603077,1
2.450827017909167,7.724432129374899,1
4.0079229516389345,8.141681318458525,1
3.9330436806082156,9.500762615647842,1
2.176338274429958,7.280115570592927,1
3.352245036435049,8.964691347263463,1
4.125751074561189,8.548776647377007,1
2.0906843251126515,8.500293183684516,1
3.0725589951737495,9.557372277273657,1
3.5832189857083563,7.809526984746887,1
3.313991048863555,8.677192548002836,1
2.5621920893576364,8.897381563307798,1
3.5110296107994623,8.76371703904362,1
3.644667562240617,8.470630588690163,1
2.3133566309682614,8.32223180404493,1
2.011508590826725,7.861257631411814,1
2.602316781688535,7.896744239167949,1
5.899654048965322,10.616515950600318,2
6.066746635505916,8.723923282654265,2
5.685868617135814,7.921423076374409,2
6.772422966010378,8.259435303735737,2
7.254630377250559,8.201893030499026,2
5.976045574943485,9.4454022100285,2
6.848270576309292,8.50745789491179,2
7.219495962878575,8.291675165021044,2
5.728765846118737,8.85107050523228,2
6.397996935578348,10.381024817805013,2
6.437304233350932,7.261048800879854,2
5.253189721209489,9.016137135493873,2
6.549543931572956,9.70624418710822,2
6.836604136746745,8.655282219095245,2
7.765033731129195,8.720605908012026,2
7.7072279081394335,9.13017420432872,2
6.736626476363583,9.74890599184877,2
8.400794562341515,8.596973578672703,2
8.125785678727725,8.973736810145096,2
6.029984940246621,8.654115064446673,2
7.042779153818474,9.717121115457516,2
6.953454795440547,9.267255132854642,2
7.848558638556252,9.784618511112882,2
5.9709680783572,8.827698801695986,2
6.395507453648871,8.498267572964224,2
7.384018945408939,9.180139429094536,2
7.345327237798633,9.462144271562067,2
6.926508133214248,8.762063407306217,2
6.7917002459213,9.320990016018534,2
5.576811237078974,9.423509790755116,2
6.510939338898714,8.31142484785094,2
6.6398468989293935,8.87111718516148,2
4.879332131057671,8.754984247975198,2
7.2645820541796535,8.717087847134527,2
7.059054720431202,9.42860274399059,2
7.489805858261192,9.465677892672115,2
6.720166363708415,8.356374256520349,2
5.952573398822315,10.052286628364515,2
7.506228867398694,8.993974822730983,2
7.469565697804326,8.29838346163596,2
6.576237517298026,8.75122127598766,2
6.932510748478582,9.625240325843468,2
8.928411469094366,8.037255113722424,2
7.3185814591347835,9.710952993317525,2
5.875377715237174,9.153828599363527,2
7.59433740596629,8.425335358448793,2
7.667169862040772,10.113539588345702,2
6.44168942804827,8.794814343336919,2
7.311154079526942,9.746019582008612,2
7.4521547158662225,8.212687387471558,2
6.051745143870278,9.128704097006494,2
6.479620815922852,8.952154902705537,2
6.9469836501581135,8.147538803679495,2
7.3628054511161665,9.592388431467782,2
7.579217778512088,8.05880441271907,2
7.184377298437917,9.298249664862459,2
8.006008268489238,8.665150876915028,2
7.0762951322903325,8.140302837645807,2
6.562054801525461,8.992962718415749,2
8.522747467126942,8.639131725252112,2
6.441134607308422,9.856655068496627,2
6.612057797178452,8.11258851376964,2
8.207863847117078,8.859486132347513,2
6.765832051995175,7.739681604531448,2
7.487320786881678,9.830955010961029,2
6.628444808743351,9.040783871476219,2
6.527113179673172,9.740188088916376,2
8.039798772558465,9.264946409950257,2
7.54934108886215,9.022079401941665,2
7.70009267476521,9.973636293756591,2
7.988100700781615,9.124828582960705,2
7.1338191960810935,8.524886737241614,2
8.201027713638027,8.15582885578439,2
5.825809968593442,9.393017362647692,2
6.432908477744759,8.715402952252978,2
7.519344254007536,8.335814345149155,2
5.795596725707266,8.213372185313897,2
7.979183878387365,10.385412407017094,2
5.600076178169282,7.91954151044319,2
6.98497412379332,8.70136541860425,2
6.871762083369352,9.983069918033854,2
5.6301898358969025,9.108895908752157,2
7.210533389973093,8.946995712208643,2
7.403542756304894,9.369442689677872,2
5.98788451869884,8.590267351002222,2
6.563453927164751,9.097067169286467,2
7.280077881796351,10.906147392030181,2
6.899683597926428,7.405807448589834,2
5.811238437972299,9.696596704375178,2
7.5812544873739665,9.517225883189193,2
6.850870691559248,9.0470183419187,2
6.3352659284086865,8.449802159378342,2
6.989187379626853,8.607524792197106,2
7.937829970796398,7.743097276873749,2
7.9747301190391955,8.07819123580381,2
8.43987276756688,10.881393497895186,2
6.859051913290909,7.261860850079854,2
7.0271296557878795,9.33955764404089,2
7.626380122564049,8.693679359236485,2
6.370710978044564,8.796371730702596,2
6.786217677968245,9.958709030427034,2
7.404863206314235,8.775738263647767,2
6.86095586001949,10.235333651568082,2
5.6341031082167214,8.675392991757848,2
6.74575558657413,9.463337250549289,2
7.502676094880962,9.434628991287939,2
6.851240392438747,10.03825692987456,2
7.9240964533792235,10.05462545933827,2
7.629487816080948,9.450404908380591,2
7.064272135093522,10.088290023960926,2
7.384001319317304,10.5504153273532,2
7.490804073803614,9.3626911928025,2
7.672400701541349,10.69887009198158,2
7.345396914124879,8.351754720207238,2
6.767158033242535,9.251434461986697,2
6.0366506174883945,8.324814839838636,2
6.518501811399459,8.627894871413206,2
8.635831313083537,10.27634879491439,2
7.430775371831745,8.119942276471386,2
6.895986901822096,7.209437206976325,2
6.176383622337299,10.436691408812125,2
6.3533553356596455,11.981805987468572,2
7.468505340364753,9.242478811313045,2
6.35392956559739,8.824414332822677,2
5.816413792535415,7.472057705932718,2
5.998963176960617,10.185279847136242,2
6.3380415649652635,7.6759333555363645,2
6.598840567738009,9.095956546359158,2
6.136565829392835,8.70807130003561,2
6.80428451758399,8.86437158040925,2
7.305727140228346,8.254830701623003,2
6.101014609782331,10.309949504673153,2
6.774646783855884,9.288792015845132,2
6.436645392708086,8.81580883115658,2
7.797797778717943,8.779425725088721,2
8.885957572457633,9.041730044265977,2
5.813217183575018,9.070289029608814,2
5.728834214625408,7.965614815389215,2
7.619259900228716,9.58209818649155,2
5.578912478958805,9.080209174472687,2
8.334454636264033,9.7406894527777,2
5.601676433644846,8.635334451255275,2
6.199392705321243,9.935495961760427,2
7.683280817782484,7.953920980545659,2
7.669118276574834,8.807002822610087,2
7.668022341547366,8.338705080285926,2
6.9749386837190785,8.484917907816527,2
6.58528169821977,10.021490005907886,2
6.979606516633732,7.2834777977656024,2
7.786533860331823,10.466258643913186,2
6.237088285749413,9.967072495395772,2
7.031089986220452,8.369701173427716,2
8.087984138916678,8.666298672509352,2
7.75616769615153,9.683401631252632,2
6.9542379390077524,8.221347114925193,2
7.861158358183095,10.82366253478599,2
4.822713979257354,10.096472846615965,2
6.319662113118081,8.4375350275099,2
7.484840435494668,9.109376374993406,2
7.079074710575853,8.112146064434977,2
8.409410257361817,8.596602002713807,2
7.913101396570059,9.649731013784688,2
6.649054684003817,9.71682563867091,2
5.678550475612081,8.758489751978155,2
7.800576851290032,7.910609850474078,2
7.81199414175695,8.905566428395211,2
7.716021229811348,8.69496077134346,2
7.001453705158017,6.38042866346307,2
6.499092387382405,8.618369996005484,2
6.587219399527422,7.441519382612095,2
6.258021775172387,9.157971375627474,2
6.897090857183461,8.14574064799048,2
6.441238479361255,9.72113241104159,2
6.441127105839771,10.756187824454315,2
9.016485422540063,8.838724498317685,2
6.945723909180398,9.545834872634877,2
7.245533008557856,7.841578698876715,2
6.094919835071412,8.531598314062721,2
6.4663560094780355,9.652065800083253,2
6.60642088585949,10.070121449306967,2
6.426108081899435,9.163427816065278,2
7.887475474122288,9.568979213234805,2
6.897902288277763,8.959543670607754,2
7.641593847377404,8.542421710419994,2
6.863832833536845,9.216229050880091,2
8.576955867245884,8.788394971612801,2
6.961277023084053,9.187491446433478,2
6.428728167534798,8.186145905941544,2
7.587230403589535,8.811718380765099,2
6.5057159337577,8.455432460912235,2
8.30275489769438,7.988151360090157,2
6.532973876662253,8.719334181710277,2
6.552820188021101,9.833909258637737,2
7.714028757650873,9.396752125527733,2
6.198478583789056,9.976620043337316,2
6.823009883153332,9.321471400948862,2
6.569031423639416,10.201027250886435,2
7.840914591168602,8.394547151210539,2
6.827294918797202,9.372032840352118,2
6.876690631382423,8.739650220616733,2
6.933893166301539,8.325655499052273,2
8.280222620463643,8.544889571577942,2
8.17490010672874,9.896905649782399,2
7.96234504542799,8.709460915317814,2
7.569978480259131,8.820394785106433,2
6.8045353092917455,8.512757563746003,2
6.771741028536368,9.477823251226514,2
6.592124025680006,8.27752086516642,2
6.76389571831436,8.981290068038438,2
5.796600950590899,9.060280828694735,2
7.249195714394178,8.324561635848337,2
7.771529915435696,8.871087753035745,2
7.031459361894511,9.458306242875718,2
5.983947470044446,8.772130909520229,2
7.297809356651291,9.253300697240364,2
9.527535118521932,9.755437856792621,2
6.811287187428201,10.06195082828862,2
7.293931438288787,9.932800449640792,2
7.797751746114949,11.74285034709463,2
6.798693930224471,9.563588008556392,2
7.147004361404536,8.91428515096957,2
5.892020955870412,10.00479652394991,2
8.156945541027595,7.090098754431128,2
7.905368267163941,9.36937353178893,2
6.823238618794545,9.574809365374419,2
7.693393108443868,8.743079573972135,2
6.537146120498269,8.836669595474747,2
6.752713975506947,9.78566827191404,2
7.302178769461405,9.343399430084279,2
7.764046250203309,9.26325190331871,2
7.8610162932666015,9.284138921270353,2
7.605450967984478,8.899172116095215,2
6.424216415929299,9.093915509145013,2
6.956991315012764,9.387556597015196,2
4.9977497075966095,9.32863279249065,2
6.683328904123969,9.207402179983971,2
6.628136151869186,10.18477495222937,2
6.638606507361148,8.658891257074867,2
7.0493347998933436,9.41357399608415,2
6.87878144774671,9.279520362174653,2
7.846397419618417,8.263728789000693,2
7.215724952344913,8.430932015050875,2
6.221139201317475,8.78405023689451,2
6.254252589320456,8.836144905157715,2
7.102426705746162,9.514468200681625,2
6.617167815401024,8.712510132825013,2
8.982463110655491,9.176859529585379,2
8.15831896912241,9.474510781230704,2
8.242714969609718,9.560975983494473,2
5.849785885518926,8.23741398223651,2
6.870279171692983,7.6296493196957815,2
5.666674318397082,9.027653784953062,2
6.517938236431032,10.28123555357031,2
5.795543986555307,9.219472682113299,2
5.910315943339928,8.827186956400904,2
6.590887302124368,8.073265933844667,2
6.128188236308134,7.4949703624631665,2
7.4816697116169255,8.856092246234027,2
6.245890675171118,9.351206489408797,2
7.185270876915182,8.283697142305291,2
6.58202339776358,9.609618210662763,2
7.946474849815143,8.088018601002707,2
7.778531904691447,8.98065215035458,2
6.30031320374224,8.181125574655486,2
7.127427130240684,10.042963489256849,2
7.827440156246839,8.383730040513651,2
7.778476537536043,8.294319874064207,2
6.4296941867507735,10.340943065769626,2
7.426413543515177,9.571877834092765,2
6.460392714821822,7.659230237497133,2
6.451986926415034,8.597301725845115,2
5.02456968973626,9.281538504590742,2
6.176434336020278,9.946729301885986,2
6.680592181222904,8.363358777746207,2
7.6315875284488985,9.783860055587539,2
7.7915585159037,9.194579344625543,2
7.561397143838915,10.052088721049403,2
5.937640044824227,7.982816572243002,2
6.396492564921487,9.813684526739914,2
6.822392286172399,7.30132574298596,2
6.429342181305367,8.81621542094183,2
6.738341922333362,9.052978297302749,2
6.348036375141009,9.564619368333465,2
7.351187544555789,8.84063743498675,2
6.6744379643085825,8.944712679551413,2
6.7736897807743155,9.23436538201658,2
7.188831806410694,9.309372065958149,2
7.545364826562631,7.694290972570254,2
7.231696738082584,8.413455801682906,2
7.4666307120807325,9.9760751713546,2
7.940252411385293,8.162238381778296,2
8.121283954834853,8.444326221808158,2
8.268207219607326,9.155111489190293,2
7.173708440784361,8.770067871634312,2
8.608656303704665,8.859290709245183,2
6.493385438788157,9.3498456619003,2
6.548640969287708,9.585661917931027,2
6.086876854634857,10.01543102054577,2
5.991109441627791,9.980667521434418,2
8.85434230982054,8.722365866202043,2
7.084768680928511,11.107391405454448,2
6.656477569974937,8.82146433138458,2
5.230922912447521,9.368086005671477,2
6.993459930104345,9.338003558898695,2
8.734061929579912,7.693767803938108,2
6.11908631086469,9.665346237506084,2
7.177708320652902,8.112352197937206,2
8.426943896303182,7.475238115176749,2
7.144370917443966,9.07517776037892,2
5.716191566346958,9.998655584523648,2
7.220143597216302,10.531998244740281,2
6.980690869722618,8.742703129482607,2
6.4488342633454705,7.357937695279854,2
7.370451382199009,9.05651720741401,2
8.40002542742795,9.307581457136815,2
7.908456180840149,10.333145284582194,2
7.296700508400746,9.189528826771932,2
8.074402232479216,8.494762302972203,2
6.761804325930835,9.41930309189544,2
7.154031823789543,8.502602076913602,2
6.476170000900211,9.246580153306994,2
8.078095551531694,8.364559964506117,2
8.09881914973442,8.712795251421861,2
7.045402225012615,9.15697589299931,2
8.30379770055755,9.374500063984328,2
6.213074329187376,9.874404044279629,2
6.520004883711944,9.58465674843584,2
7.124997358618072,8.678010758195555,2
5.889577735314502,8.502094645074067,2
8.452708501935085,8.647074636824915,2
7.738478014056839,9.131202149358701,2
7.322704028307652,8.447387679838654,2
6.620792401087945,7.401919783180808,2
7.799535921588424,8.995331940070422,2
7.602963741191565,9.26824779285728,2
7.223154038410638,8.9484897377538,2
7.373126320266963,9.181657834350721,2
8.01998357431841,9.730002603630055,2
7.14667082202426,9.661343772716052,2
6.4340730599895135,9.94172188530269,2
6.81816554453669,8.948975868267693,2
7.06280565270882,9.969777988179645,2
7.418561302328469,8.194942121605637,2
7.66508153259855,8.793083618484786,2
7.228626546280245,9.099133008588288,2
6.645281360674447,9.088586584704354,2
6.168885405887947,9.607761436767085,2
7.707368351813771,8.387774610459598,2
6.14888724208027,9.941352960407947,2
6.630047162952321,8.247565330660521,2
7.5830003250247175,9.023312158033855,2
6.939149605534871,10.324244352369142,2
7.460030091960455,9.19758313346436,2
6.70601346185962,9.391914056493345,2
6.444492978428147,9.80470138715372,2
5.5833619769977165,9.95873450744237,2
7.139522586449534,8.551371863085244,2
7.209736613788835,8.769899258902493,2
7.165082137693634,7.68710664479401,2
6.97339175513309,8.808140619952033,2
5.506265074294896,10.154747156626986,2
7.214832768770912,8.39959392921965,2
6.38972810993977,8.365585703228897,2
8.33388791405579,8.469929188147876,2
6.1485865497849765,9.197179108472643,2
7.162256112970004,6.163456387322526,2
6.47624053873025,9.880130720246115,2
6.777268005906215,9.03616319356086,2
6.144433542713435,10.98941558294348,2
6.555590420390448,8.40742447412359,2
7.013470857544633,10.081554645163697,2
7.7309570114361765,8.464116559586637,2
6.902329171225434,9.291788352165534,2
6.594731670079658,8.630963050689472,2
6.45506912675023,8.536564783157516,2
7.6268584005483495,9.015407599759252,2
5.999901140823353,9.27771652613793,2
7.519768359777901,9.351761719165221,2
8.93359285336997,7.824737498305397,2
6.575867495123215,8.860628990350236,2
12.288293305756161,9.384072715684932,3
13.798272135657589,6.196060937436822,3
12.920953733639967,8.333393460653259,3
13.366174010218247,8.367468406394128,3
14.62723476356563,8.737705226798322,3
12.843223446367231,6.466377582144706,3
12.062972465736042,7.423208099721671,3
13.344081830023178,7.898661069842443,3
13.081063607624333,8.632305890283414,3
13.490825759747041,7.89395594188744,3
11.81739852550899,8.573305833935772,3
11.85892846774897,7.718950486340069,3
13.89563189652023,8.248726845427335,3
13.745433823252682,7.205237593554198,3
13.110577770928463,7.935154183220379,3
12.245299093108763,9.643095230749317,3
12.886037075955064,7.612617432987003,3
13.573421654901281,6.816125609202244,3
13.273144053537983,7.805902446418791,3
13.715062277641463,9.003812095019748,3
13.62301968493931,6.991811493317311,3
14.244041549919984,8.375760821445933,3
13.099967880614647,8.178983793469804,3
12.76670267279133,9.073453843633715,3
12.107808637286313,7.477566011781349,3
13.362614241663717,8.92078706239127,3
13.227163579989442,7.062067432402437,3
11.249955666029315,7.549109876333189,3
14.396061382373846,7.141934667347533,3
13.39403846007535,7.755241042618383,3
13.634822528100905,9.226077377936527,3
12.117963894606387,9.262613242145393,3
13.85742486721144,7.958985327872702,3
13.162661028653364,7.547172442821797,3
12.311435869022434,7.341650350583251,3
14.407344504951718,7.136313385903794,3
11.387329674925482,9.018781899735897,3
11.775473831528666,6.521238430866109,3
12.489376513669683,7.87031885756964,3
11.48628067659299,6.392011568453061,3
12.553222002990088,8.358912068866852,3
13.435260081411212,8.296704686058742,3
12.68453725936823,8.047131961000824,3
12.722512252042511,7.194343977448044,3
11.73959840387342,8.783192205237556,3
11.266279458501646,8.30918610100265,3
11.848303010963942,7.057416966629334,3
13.082133626141879,8.472811623277998,3
14.434455603909893,7.369088554827057,3
12.672708744673074,6.942109214387452,3
13.574555949394007,8.497707234585715,3
13.069416825350778,8.880216561540168,3
14.37784322277136,8.213780366680313,3
11.743572553490798,8.209196358865674,3
12.217655929398623,7.974307098979122,3
13.50974172241585,8.711482118298509,3
12.358773883090816,8.197830813363783,3
11.947192923114658,7.918670565577644,3
14.248131493526838,7.74371313215572,3
13.19661566715625,8.695557646626039,3
12.833419201040309,7.305374665225373,3
14.123698763283933,7.449725458616192,3
12.371393130959786,8.31214064590429,3
13.23960774148016,9.29686273998499,3
13.578242820250578,9.129798665212368,3
12.053367948960153,8.126529419620837,3
14.134212913075324,6.3828833319085625,3
11.849916086189532,8.690944057420896,3
12.838416402658902,6.499493225769148,3
13.706723646109669,7.945169549304429,3
13.626808404815439,7.570990384552762,3
12.401792794125628,8.229920005053536,3
12.367421452356556,8.528663288495638,3
13.11016118466492,8.06640051047118,3
12.752770176627926,8.2277860205605,3
13.838950921209092,8.500693123296909,3
14.627474091787644,9.448120043157843,3
13.26179136716726,8.190535191574442,3
14.333321277022485,7.765758439321509,3
13.697899037416207,7.1716080158855,3
12.741107334603347,7.556431266619389,3
11.76408068599615,7.820951551594932,3
10.332793896754962,7.588673938132683,3
12.260408024209625,8.417361160621597,3
12.629001339119517,8.040185142513819,3
13.465908110940237,8.004895919097835,3
15.63958539281887,7.517527061353549,3
13.06281450150364,8.264290501644462,3
13.31102334927354,8.05147553170825,3
13.56213059983469,8.663154466896138,3
11.935485120359116,8.637004425231714,3
13.963803907949874,6.797758301181485,3
13.598983226728892,8.893171407824017,3
13.264724884441499,7.933149617402309,3
11.481850075037418,9.476512960440765,3
12.922817364925658,8.877336415217066,3
11.752356465407008,8.114046929053028,3
11.818739893370928,8.447975081193357,3
12.413631966041521,7.564507272693463,3
12.077633779943081,9.97813616469934,3
11.955975706515247,7.554125336162507,3
13.837073241275032,8.894287225823222,3
13.11033363947084,6.8742727560530135,3
12.849464457773662,8.006395202023388,3
13.569150733814595,7.504562124918816,3
12.626078387536468,7.618059242743647,3
12.772773333877954,7.337550568281168,3
14.351709554096264,7.4268808421085755,3
13.447164571034197,9.435483057453334,3
13.348985414517674,7.475377010640847,3
12.706050098021322,7.897993286564652,3
12.28559148749099,8.51669954944626,3
11.847272606074549,8.4001719977921,3
13.029034492475583,7.975263873173829,3
13.546433386291069,7.820676269260388,3
13.286439208047433,8.046780321290177,3
12.377974591778592,8.444047240375566,3
13.202485382133583,8.734160049451205,3
11.836208239967663,7.831781758026217,3
13.415600131360009,7.099788573453596,3
14.61435345364351,6.600911591818379,3
12.323011046118895,8.672961775223593,3
13.356409921221436,7.344810117988563,3
12.925827494197442,9.697627660228843,3
13.288142419701996,7.7441104172101,3
13.633293945733712,9.036457874020385,3
14.090932094910498,6.505484380815284,3
13.148665608318582,7.81526793468605,3
13.66295368966439,7.667724545645031,3
13.475250306402696,6.537896374786299,3
14.252173433472237,8.398887708169331,3
11.446229557750423,7.9735917845815,3
12.152951330191556,8.064721979712507,3
13.00594359595814,8.377296884726011,3
12.699805918045294,8.057999898259116,3
12.747978203197293,8.230977190355134,3
12.913309813652575,9.570542028241007,3
13.861426891903736,9.299319371104238,3
11.791911680297524,7.892223591220583,3
13.010551492385005,7.928685134689289,3
11.333580912627902,7.181700335462894,3
14.135251753862562,7.6442606313895025,3
12.727799696698781,9.032054371092544,3
12.562328402303734,6.716172120962227,3
14.312777394472588,6.889333877592835,3
13.958445133085133,8.251700201445596,3
13.942558350475595,9.244069895082982,3
12.507865028050476,7.788774363922835,3
14.511418058792628,9.473275600956208,3
12.412535072222862,7.3315273848482745,3
13.585019775425739,8.554270010948366,3
11.969925246824676,8.200306429798719,3
13.708371295405511,10.065840347660245,3
12.708390519617447,8.45709880437505,3
13.988624625028645,8.499562670797495,3
13.522160018554459,9.288904367421253,3
13.210566288821273,8.731129720112255,3
12.978771350499052,7.538268396578952,3
12.555470157690294,8.399475640960324,3
12.788422772898496,8.427229440356442,3
11.561781024283942,8.56064718691515,3
13.805699829067512,6.7126951953129055,3
12.494407313314369,8.539990124511249,3
11.800487672509709,10.26042705900174,3
12.401252825842562,8.420557903613682,3
12.74562018523184,6.983679407712828,3
13.010677191395063,8.714567519620871,3
12.02863016041114,7.525457907773279,3
13.118338775137495,8.793895410239234,3
13.396149558514729,6.276194092210378,3
12.487488820200706,7.5589285999170786,3
13.474766226872257,9.21921684549126,3
12.024698747461082,9.58767293984153,3
12.950931156675882,8.925592025254984,3
12.852595328752697,8.306008105795646,3
11.743344360182103,7.897136943187179,3
14.18476528178758,7.244914033769286,3
11.623714606465958,8.15778737530974,3
13.789970475565802,8.805632643684143,3
11.666250578346155,6.879023375419462,3
14.13498513791197,9.166777295358454,3
12.609945945257799,8.394296149218238,3
13.288466213591796,7.9014898654823185,3
12.071391453445562,7.046356991651846,3
12.755887811297718,9.13434156171126,3
13.188537803607622,9.076925945759244,3
11.084478131363088,8.569390633343382,3
13.719521778146323,7.762192113673406,3
12.317732302600525,8.89618217283796,3
13.374822120409375,7.864695086463886,3
12.240165813273114,9.042867917624635,3
12.154766727249866,7.165553348129075,3
11.523127562362506,8.293943990607378,3
11.87141614325444,8.078248870307023,3
12.195791448906634,8.187543073432922,3
12.79100382777834,7.120147053072192,3
13.700928963705064,7.487752883035689,3
13.871465490214304,8.36334649869523,3
13.214845601591461,8.056160346446502,3
13.616593331000537,8.88347881585326,3
12.962107198692083,7.339712709481369,3
13.604245329257443,9.429405291431179,3
13.520901721885025,8.055845151744798,3
12.26734025638795,8.961753440281182,3
12.858497815458886,7.681085703734708,3
12.126557807734596,8.146413076568887,3
11.119165264827886,7.654853198371698,3
13.049249618372409,9.082428005621598,3
11.607090020023712,8.609100703660777,3
12.040477002586139,7.604721261925706,3
12.958070376043453,7.821803619555799,3
12.58557848818357,8.561390248679015,3
13.896193684300911,7.966974539170463,3
12.883438476010957,7.517845370106851,3
15.064836616110117,6.541525396089577,3
12.529648040189747,8.49820916979769,3
11.281656294448515,9.488707093276933,3
11.99067335691249,8.254267477270696,3
13.41160290598519,7.6685141638865915,3
12.29917585702614,8.085862346069177,3
12.965034256116686,10.04810959553768,3
13.311210111386973,8.26894089096721,3
12.289216583726965,8.223364455817853,3
12.97384950518581,7.907147395730287,3
13.059074678115017,7.05212028126436,3
14.275255229231352,8.611588159714165,3
11.938113402160717,7.778718298396325,3
15.125468163440745,10.09606282936119,3
13.832105684378693,9.355683309884888,3
14.13601962157583,6.503954370273963,3
14.04871335032906,7.968940552153369,3
11.846162614778873,7.713252021397303,3
13.619707484030638,8.247703526182459,3
13.935903877824972,8.899119424270314,3
11.914472110946535,7.44889086174678,3
13.365164631038962,7.137643553131108,3
14.159350136423358,5.784707882887965,3
13.938883692431443,6.691944632513822,3
10.299695260844034,7.604749843176815,3
12.280268132032743,8.309864715091543,3
11.62422499673198,7.958602417291008,3
14.55509553000512,7.713971805405412,3
11.11562020984765,8.1032875184772,3
13.115147761062046,8.477087799883945,3
12.93175768714997,6.988019728806181,3
12.90556730233726,8.230634545688613,3
13.527676435190218,6.766720867240659,3
11.281742752658737,7.323497001022821,3
12.440409387810464,7.7999346523974555,3
13.56644757484221,7.541080038917694,3
13.565799268573771,9.442590248435089,3
13.819751066944011,7.50712535610847,3
13.133746771934181,8.821110784479107,3
14.16650924644522,8.281532089089236,3
15.155069207851053,9.18600437456134,3
14.235960722183925,8.103968170968464,3
13.699520269163386,7.38790058232145,3
12.83603324151611,8.334455357760103,3
12.958828249576618,8.04806529796513,3
12.109092683153548,7.693415360420104,3
13.216351820101876,7.310754493176425,3
14.120076639584557,8.752963921891407,3
12.138256615240543,8.980186396888744,3
12.881876834554939,8.26658754981452,3
12.286351962431404,9.095524195082557,3
13.14214913996543,8.686269057222855,3
14.152378511957412,8.413015491271532,3
11.837317913318373,7.069995683368101,3
13.215726770862508,8.594082644559961,3
13.547999465979391,9.235120119775262,3
12.821785419090723,10.111920950092557,3
14.318351281191397,7.075817808110105,3
12.523743775404908,6.687408858910122,3
13.41083576802821,7.964586008181296,3
14.382650882311705,8.163273498021518,3
14.926194172268374,8.133325866993983,3
12.601013132471916,7.468417915231244,3
11.978347159468228,6.830086479669875,3
13.059907672794202,7.906869770657092,3
12.478319673641446,6.20622505362871,3
12.67930248660102,6.216145555148023,3
12.197931886489789,6.68566177882901,3
12.72717491309934,7.545274652888157,3
12.472711910272507,8.415775640983579,3
12.214834296347973,7.402628990144656,3
13.541635931509852,9.343985845403564,3
12.261694918404093,6.666518328158039,3
11.822268539915292,9.569553072854163,3
13.055624461548524,8.145119741135147,3
12.603580875446024,8.157818858859589,3
13.45425346774589,9.121490522013687,3
12.194400457186573,6.433125353016255,3
12.341438169252854,8.45904292630687,3
13.326224305113008,7.67235774746542,3
13.504635135937358,7.738071007585318,3
13.149884809163177,8.588411920706076,3
13.80106977890639,8.169104266736612,3
13.019288026849429,7.355924567213341,3
13.506526526019922,9.02897174618994,3
14.116981613484421,7.596048203857513,3
12.662598046528064,9.326818162176243,3
12.875792167417156,7.874581021121648,3
14.034648253291094,9.193037193731438,3
13.399191166314203,7.651917216274749,3
13.211416821485876,9.458015329856488,3
13.207602850937555,7.533717572442317,3
12.940614251494765,9.057252681450334,3
12.714005648766918,7.618742976590297,3
12.884709369462382,7.436873954746344,3
14.695297980093308,7.67486204885527,3
13.795930595952157,7.534176372618922,3
12.417555520135325,7.742930849988055,3
12.166990352725144,7.462829588469605,3
13.689000808460413,7.360581905268147,3
13.905080851131085,6.798302537189631,3
13.186533468336961,6.857334988563306,3
13.33083598381646,7.929446042295942,3
13.139391361054187,7.558628740357266,3
12.786796508890477,8.142024280398898,3
11.652011032746008,7.350374083748183,3
12.09130115682274,3.622388406889799,4
11.42391979881266,3.054161763167966,4
13.52642095201398,4.230003180056751,4
13.053602391569498,2.308491003213076,4
13.734884545666613,3.37537012575972,4
13.547191730599604,2.1751645268751667,4
13.778197053756944,3.6300800452186994,4
13.316526013417928,3.50628520957934,4
11.092589886722383,2.611475218839451,4
12.784843373338484,1.6874659849554008,4
13.58858042419877,2.8975136568678708,4
11.192243429546659,2.983581031194294,4
11.917683614488187,2.0427406189989665,4
11.297378274150457,3.8915800342892726,4
12.073299965611554,4.3180355784341105,4
13.41454218268997,2.9169932193925296,4
13.199718536731902,3.1209412854239402,4
12.409761699144369,3.315113330314652,4
12.312415676862898,3.099243208886728,4
12.155679816394393,4.256251627464961,4
12.382445653615212,1.5873200627663144,4
13.167517062936383,3.9814295197143688,4
11.336705481609993,2.07186927671349,4
12.369542123661763,2.4401426578461507,4
12.187633723032476,3.769098492435707,4
13.608876948580235,4.459307659605015,4
11.917878566998077,2.41519036476054,4
11.972440436598227,2.7906926786468396,4
12.773813564597512,3.8605529467396082,4
12.042380028817277,2.549671548822269,4
12.803362680864895,2.526150739966138,4
12.169546722778897,2.242844013990245,4
13.756683243192171,2.852589307090849,4
11.889897753647272,2.4539874912771715,4
12.095069841673915,3.5861370701063344,4
12.937763653072327,4.355799141813631,4
13.48562266606475,3.754903093609607,4
12.245906542279338,2.327945424295497,4
12.917005736778755,2.434543443304973,4
11.036488169822679,4.349578917177284,4
11.630802593384203,3.0506586168872727,4
13.524511887992874,2.831036793372496,4
12.210201622838557,3.7157574971669116,4
11.989925747807556,2.560083166820533,4
13.464401899728571,3.170285292011096,4
10.559105733401154,1.8554179994798952,4
12.077066495089172,3.4728445077692127,4
11.352407765285692,2.2293417631053156,4
12.483860866188294,2.219702757265191,4
12.706875703416262,3.8903032888262756,4
11.844092448487736,1.9286637853411173,4
12.819387477867707,4.193588070521521,4
10.619065967781559,2.3259771616351292,4
13.079048894440563,4.196484499410152,4
12.348048554640854,4.614182011718039,4
13.347726872082202,2.21462581485455,4
13.821035760530773,3.001797892372564,4
13.190053276803633,2.4667281049391407,4
13.783775950988076,2.425322748549882,4
12.364528335962298,1.3591371823531118,4
13.458455480984433,2.4982717844086886,4
11.679458159145858,2.57015600041406,4
12.302965513033774,3.725863469134076,4
11.309815593226455,4.2926947579619945,4
13.698505356053655,2.9296065269669795,4
13.239983005478365,2.904540853709724,4
12.71668094381955,4.1017475904423915,4
11.419434342780214,3.0000008492528427,4
12.358513220075208,3.2736085057351,4
12.517841099949134,2.441799686098575,4
13.692990437202479,2.5321944133204477,4
12.986881878634524,1.8620547009126347,4
11.952881091847681,3.8348099648466407,4
10.939072220027088,2.9671028754587394,4
12.988417068813748,3.134850400976117,4
12.239734309466117,3.2303586090240906,4
12.288211752443353,2.285410526318523,4
13.008609338001198,3.173051289088655,4
13.303818132589573,2.8816534244850214,4
14.148326402237242,4.329515448316589,4
13.457883993019736,1.0513034957543805,4
12.091547072286096,2.7392613477814716,4
12.229033974517348,2.4839321714555966,4
12.532509500269096,3.4352093827041488,4
12.7343609637752,3.3141142911266632,4
13.229701105725617,2.2135577797242187,4
12.904965331419598,3.683281961729667,4
12.177979985494012,2.2073090143437715,4
11.300007946365934,3.9342671670762535,4
11.743647009908653,4.577494229992355,4
12.596554957968436,2.9767070441430974,4
12.959995144280816,2.8398083224397657,4
11.860219892701533,2.3300914175857153,4
13.688715536398401,2.5537474809189566,4
11.737182268180057,2.9618620026791014,4
12.511168696195847,1.6353821062738416,4
12.524528853186673,3.0185537676344056,4
14.221904830603687,3.571981417229058,4
11.091082325926962,0.7905416243020387,4
12.53678683826884,3.9987099799896346,4
13.611377760692339,3.143108010708919,4
12.392591542548931,2.7655458214603077,4
13.182977745944804,3.4940113081757276,4
11.934173731386403,2.45834402538713,4
12.892677399709573,1.275231453437979,4
12.246113465222983,1.8335583681802716,4
11.639121583399735,2.3122216490213607,4
12.102537887385944,3.7256511847560527,4
12.546559679988224,3.6906439688502544,4
13.733635988681375,2.937022311997032,4
11.797164637139844,2.0725247120504386,4
11.89338213806257,2.1218748419772133,4
12.548157386120945,2.9324583325777285,4
12.66682183137356,4.665849330532058,4
12.204829677404522,4.144703631515732,4
11.53376949400946,2.928918173038999,4
11.409642524728286,2.228899738560809,4
11.470513605773405,3.55455507737126,4
12.544424818552757,3.9623254414840865,4
11.296947510784095,4.451716051151978,4
12.059422698076014,2.4775572304488125,4
12.7636088075109,2.806588157863358,4
13.760926107405506,3.6451751115736313,4
13.173924019252206,3.173889908503351,4
13.039298447434351,3.4925852994605715,4
11.95430103980646,1.0203077502063096,4
14.218760482264303,2.2986257201886167,4
13.450381414548904,2.358784460551981,4
12.588326693796562,2.451483888963751,4
11.157083403738985,4.642650886100295,4
10.385692578204859,4.549041518047512,4
13.630545056210927,2.244098931531013,4
12.937069423162658,3.439757921788496,4
11.54788005373167,3.841888877645723,4
12.688513215248538,2.213333582296817,4
11.91183787639637,3.6119906969525037,4
12.929582013284472,3.195380912520526,4
12.129918623454559,2.289366687061288,4
12.326321446702261,2.7997260949700618,4
12.23424930810296,3.031756235262311,4
12.865952662294745,2.7121383750437094,4
11.689123168487361,3.2035239355767433,4
12.523094997690839,3.6064531481671716,4
12.822035860196749,2.281376186933344,4
11.862710292040415,3.8562423248549553,4
12.46995816346059,2.582471453580127,4
13.906297076517282,2.344232465019723,4
12.928652055175858,2.295442863444204,4
11.516596964623222,1.8069047801523745,4
12.467924107363377,3.1800093735840176,4
13.540571836852445,2.653027504536084,4
12.40013743528049,3.4593371596868754,4
13.961276881202545,2.359976879032877,4
12.123608091817834,2.5122597472360755,4
12.258074108433165,4.019662772626344,4
10.873201375986639,2.559436750136765,4
11.359863559492858,3.0942907505362705,4
11.908725762632455,3.5572854094889284,4
10.884863683904385,1.3762802222047916,4
11.629016738014961,3.1313130313065023,4
14.199323594617026,3.199586177310935,4
13.850302477867775,3.7947894496634933,4
12.377355777657447,1.6064078821084375,4
13.595555956420702,2.953310911258437,4
13.049795055195291,3.041287582891286,4
12.206271478475438,3.3147072832039175,4
12.202107007221286,2.9465629251951806,4
12.557107504048165,2.7049008804120667,4
12.473362616942868,3.5192639961252117,4
12.714701008516936,3.3457379636532463,4
14.006753657644689,2.7539975770542475,4
11.481611528952667,2.8829860279031645,4
13.12587216890732,2.9390324951525453,4
13.07825149649103,2.36371420674942,4
11.490229846194746,1.7942779867844063,4
12.458635547965258,1.4894191091505609,4
13.86108043437311,3.2134618262651236,4
11.816771698480398,2.743054266459603,4
12.318486724118692,2.562679926889897,4
12.517678733404235,3.505628085042571,4
12.105310706493,3.290107150768305,4
14.525194299348227,3.1582996437169344,4
12.050959978579874,3.6939476774770896,4
12.321076747586442,3.303695940249204,4
11.466341097983882,1.3711561013624824,4
12.165823257474484,4.05702061812369,4
11.674762785863937,2.191729620428765,4
12.311002529558747,0.1520188847520263,4
12.954429298700168,3.21144870712272,4
12.516810339767689,4.00723148244597,4
12.430718607174857,3.6681774283794657,4
10.739943924144228,4.681035704832847,4
12.531089614023282,3.690149413718242,4
12.940698000306503,3.089410781143507,4
12.36182044994151,3.565562074636675,4
11.241125056780799,3.765519434954668,4
12.548163177666721,3.8649083639240907,4
12.402978016199116,2.678437523438527,4
13.396655529831335,2.519735193298494,4
11.687836595095812,2.7870185757079766,4
11.112194855541563,3.814655426558984,4
12.92739758800157,1.3348360668018582,4
11.95875026557447,2.8690387961054094,4
12.95220265824202,2.227793510682344,4
11.623347403064875,3.0330061333613263,4
12.671133143096489,3.2677172014193947,4
13.193814805848659,3.4000553852053743,4
12.050162549611287,3.096360848885442,4
12.688092497637376,2.3710504404541997,4
11.615083005731472,2.742023174737981,4
12.399612964817079,4.672048220791359,4
14.271604062242648,2.2596768396258446,4
13.056681160543164,2.2118868328694417,4
13.367434954436956,2.3536057605098657,4
12.803112910204554,2.711563863081908,4
12.341835526304967,2.7137507700563708,4
11.630761195198582,2.47831539624282,4
11.221992196748005,2.1551506401133755,4
11.981815179900462,2.709062862520724,4
11.21544657062396,2.0139848665910605,4
13.968184168792611,3.984348731518403,4
12.483889625949988,2.449734679017032,4
11.068147552288227,2.021929504187227,4
12.302153064799432,3.027873440983967,4
12.168854050962349,2.9307670831462467,4
12.981217228574286,2.745084247947415,4
12.736666395682393,1.4672611137950593,4
14.188154795736116,2.4714534243076063,4
12.86074505045095,2.282968235395367,4
11.155484332102548,2.2469069245825555,4
12.014905519673096,2.5763731241023446,4
11.15279741887663,3.0812984801387375,4
11.81863396180035,4.499573827533553,4
12.032768266977483,2.8110814575504643,4
12.22360526938601,2.208569487831692,4
11.105292134038775,1.5142790590420554,4
11.332670364577291,4.40188697456338,4
13.380753954591148,3.4904254518586115,4
12.792741410972596,2.04524149341491,4
11.813544063025367,4.210108810804425,4
14.131200560633406,3.4410248584579652,4
13.004993516178095,3.071042917597255,4
13.959578033186391,2.520167083008424,4
11.059681138278032,3.3559377223401183,4
12.847336687845402,3.0337259785493393,4
11.85431561095868,2.3013759417777813,4
12.66649966606793,2.936220896944209,4
11.751102582581273,3.8325521700317764,4
13.55372936061696,2.7797207822122516,4
12.619140305162691,3.3365369886939904,4
13.029050582280188,3.6566416808606665,4
10.94600611339456,2.681230517762506,4
13.497937424239108,3.479262915757351,4
13.693629065572985,3.79568358358436,4
12.900830967187883,4.322631563467232,4
12.07210611086824,4.35822565996302,4
13.26955323863454,3.4708839778426266,4
12.08404258356184,1.805176154975696,4
12.516605749005855,2.7261360073984426,4
14.26087814724085,4.314862105124384,4
11.092611610359354,4.1866187055512905,4
12.681585493259153,3.039962492960676,4
12.283081529373572,0.8761003073803892,4
12.96462466626797,3.2580237907576177,4
13.039322280159432,3.5417622714916304,4
13.267939436990336,3.117339444770544,4
12.901809781668387,3.1600237809197944,4
13.553967082269672,4.0758080879740834,4
13.13871334371468,3.748532470460382,4
13.704745364054641,4.153477574677861,4
14.03633215889608,2.1694960583878666,4
12.328632484247265,3.716515092338951,4
13.224903043914573,2.7865348096430056,4
13.512302987643226,4.436636068704836,4
12.285204982801723,2.186057604182186,4
13.24006225110724,4.247316329414581,4
12.903288841910411,3.3124786877231562,4
12.147462677190369,2.982831953659636,4
12.429824811457662,1.5198729899199699,4
10.942774742366868,2.6283287968357834,4
13.805654608256484,2.356176577338104,4
13.021726261897408,3.2043973444848266,4
14.03784578302053,2.918874567133365,4
12.97591036625479,3.6486685561158083,4
13.567984342734634,2.7237295930616505,4
12.264143784831582,3.497436272981265,4
12.452842288839392,3.1070642052320654,4
12.214893843084052,3.0601502440293267,4
11.291207701068101,2.587453669052764,4
12.142904601546192,2.7712635796477394,4
11.950699178462163,3.0621647671674372,4
12.3562949400687,4.130344543394554,4
13.02344269479012,2.631051450292216,4
13.017373035449516,3.6551261711307887,4
11.099618455781162,3.5038867756144083,4
13.686531936452688,2.788810203058038,4
11.832525856660297,3.6015292495900324,4
12.436778390834698,3.784170327594593,4
11.43465421274548,1.7154967956129012,4
11.717386085025332,1.3674199573977843,4
12.012860284040327,3.343931907603998,4
12.48138055169798,3.4722502696657624,4
11.899202321989653,2.2918264342306403,4
10.990297090431914,1.8566071179280008,4
11.045232285594183,2.5624470306134475,4
11.863434650228902,1.0250114283825504,4
13.596226750185764,3.5782409472016306,4
12.645465332691924,3.817919521973426,4
9.540629378363741,2.4740893310907426,4
12.28556346980792,3.740591565228336,4
13.679185108340436,4.913516245181658,4
13.146733775682991,3.4571459689765285,4
13.584017589498693,2.906889250092128,4
11.769058481095513,3.397202746582441,4
11.325702600756724,3.294434521555577,4
12.617011299309247,2.9394906382171198,4
13.029888553464634,2.0804722008397643,4
12.769151536972041,2.2472500927001464,4
12.433341875533761,3.9574108973443174,4
11.5080729405754,2.98809597582056,4
12.120675276834488,2.4680754696247575,4
12.537635015101756,4.072666968727896,4
12.059297496793373,1.5330467023042138,4
12.006135435799656,3.899033043574174,4
11.859158675511008,3.6027939813920953,4
13.7340453196355,4.464470467842075,4
11.74528975640018,3.3448105367120315,4
12.664599118632701,2.4322848099174097,4
11.81326514586687,1.694477875590522,4
13.403544593954171,2.0878026738900424,4
12.802976573599278,3.278534885734152,4
11.26485963390511,2.9915332261138587,4
13.277229845566607,2.1336584811286614,4
12.215442861710859,3.5102559884020272,4
13.223840294878851,0.9454232125577313,4
12.576066600219802,3.53815083823851,4
10.708158577485461,3.591173325055819,4
12.967043477919823,2.8093394243054712,4
12.079725575462714,2.845531847244099,4
12.163159012689597,2.4109315114103804,4
12.562538193450722,1.3003715588901412,4
13.692209814826079,3.773104728518453,4
12.707989047381517,2.4038372394726784,4
12.565213502547707,1.3083339518493715,4
11.455054353719877,3.5395100781680315,4
13.492669493873276,3.347342315926982,4
12.42374075367854,3.5573475700554744,4
10.518313103691767,2.3876468818778838,4
11.839248357306252,3.6029360066176075,4
13.140869647856356,2.87807517440791,4
12.657780011981211,2.793720370046715,4
12.642675907301866,2.622793279932004,4
13.147077147244635,1.899478678919847,4
12.473220347121975,2.584706221558567,4
12.95537090846816,2.4160454447594573,4
12.343402607820247,2.2042686987086704,4
11.244616274036598,1.649462356385129,4
11.521028883388288,1.7135316008986037,4
11.917898733084087,2.2186112708843098,4
11.540948066912424,4.477350761094934,4
12.827678525501295,2.7622535453119688,4
12.57745783831515,3.1909072216538794,4
13.237334512651488,2.581839081361153,4
12.554087578900107,4.137306881663006,4
12.651456475621298,1.3408346328386072,4
13.363996317085475,2.2172644479848653,4
10.621256250723825,2.0224773095401813,4
12.227561052218071,2.818121717043244,4
11.203571954916374,1.9459748404585293,4
11.93456847902225,3.1762758294430204,4
13.822005134111127,3.8506353718932917,4
13.168543726396424,3.2992144603537144,4
12.64693562139266,2.317367365643026,4
12.81721039927179,2.722851628879628,4
15.188622295900961,4.819406015608577,4
11.688480208460323,1.8712053691638382,4
11.968985405065082,2.7687369617727464,4
12.629462351047737,2.1220862294684024,4
13.625530004858325,2.300228256191164,4
13.739233552647583,4.969072925834466,4
11.563353460522084,3.3148700604313257,4
11.530458930654536,1.380588046306658,4
13.447152799526277,4.443158301595439,4
11.037991185642442,3.249668647760167,4
13.41707160091987,2.618708746964387,4
11.682893913167387,2.8461789731447875,4
12.335263709001627,0.937806414215435,4
11.11997604014578,2.6923794658808338,4
13.374805663321673,4.34777690520167,4
13.06830987948512,2.2949764479610475,4
12.904404880365378,2.9384694352125025,4
12.700803767231765,1.1495105681135471,4
12.302775186279046,2.7971396007628373,4
14.455175031290155,2.816975065766699,4
10.172121530433813,2.7744553842912705,4
12.032526420102336,2.7625083029624857,4
12.726357376666462,4.169419393666249,4
12.088753981458973,3.9607583307916956,4
13.19393656855166,2.594848517217139,4
14.107950173715139,2.4184499997684252,4
13.761698763258181,2.4833496789944847,4
12.177210146842532,3.584102919908548,4
12.504980070093083,6.015523314219717,4
12.04584817577879,3.3094820755906995,4
14.063436818364139,3.5604634140369,4
12.908694775346529,2.2219140137134836,4
12.576984915659157,1.8819588242437866,4
13.61306829237922,3.113167058778362,4
12.620476519967438,4.045555116287668,4
14.160351363888989,3.010524519692347,4
10.69181289335838,2.7651537180542687,4
12.765715902842985,3.0349931037668876,4
11.407569043040189,3.706675279752363,4
12.955466797328018,3.8729227006672016,4
11.866724942429643,3.3695265536562635,4
13.48589057862731,2.908909899560795,4
14.934036731997036,2.612127518831703,4
13.044214353557189,2.2732758896636662,4
13.893592250403854,3.0148593757533786,4
13.113600086656838,3.4231173338422622,4
12.344260313610455,2.119516839311048,4
13.64561042118617,4.6843008639830135,4
11.915431269728362,1.68673558932769,4
12.156127760972211,2.2871829841639704,4
12.828224557585164,3.9856944914956784,4
11.901414756467794,2.0999183849912026,4
10.985368521034358,3.754994488969111,4
10.977197186600156,3.700748736809537,4
13.438764439814685,3.530822960806496,4
12.178249477515932,2.613340061559536,4
14.023300409182582,2.2687341529223013,4
12.037738743249491,3.2820566570468275,4
11.724932698188091,3.842087544149032,4
11.957312702307494,2.640071006799084,4
12.30475243044346,4.126081579557482,4
11.911099675583431,3.8793848442963696,4
13.35081281210528,2.405561852501203,4
14.239544262817454,2.493226298670718,4
13.031935579534318,3.4954504428746915,4
12.796734387130469,3.3282873279671272,4
13.76636401008003,3.8749278428891274,4
10.837488424416385,3.245459188001256,4
11.914206983846757,2.5494966827761623,4
12.900925375960608,1.773498948228255,4
10.991434130001096,2.7842994366376383,4
13.927393156518962,1.9331153032639388,4
12.017180235537662,4.998800222112388,4
11.921734099341815,2.8855629997524717,4
12.277552338193491,2.674148208987782,4
11.339209654703925,3.4467348327239478,4
14.531087612168289,2.2679847815135625,4
12.182526751963021,2.5224520800765897,4
12.458676149430582,3.1881807766940047,4
12.824814349845141,3.6288488390231546,4
12.480716545237456,3.8824863387638326,4
12.984107962380348,3.502811252693467,4
13.708172042856551,4.9434273381457405,4
11.83645088650991,2.8914462706335216,4
14.015081852683158,3.2448694046112925,4
12.722167008054317,3.190701027987645,4
11.930941278186522,5.217589845977939,4
14.01489759405154,2.770907388352193,4
12.409455920685751,2.896644690641575,4
10.377756636107165,3.3826357780417045,4
11.385237100102241,2.7172929859277852,4
12.176462179190777,1.4588681626918742,4
11.797293589166411,1.8391772078538364,4
10.74432862620511,3.173643450339234,4
13.710313689266705,4.288896070730004,4
10.876724619974365,3.369790788661378,4
12.463408762228655,2.022723431317883,4
11.869552307072574,5.329891761153686,4
11.26110807536491,2.316221073148501,4
12.739305542973383,3.2443464525660746,4
13.271054633413963,2.166299140323068,4
13.904494265934934,1.1998647602401376,4
11.696028757866305,3.5556992548946518,4
13.230070510869314,2.5336432011551544,4
13.483245819443027,4.085531153652089,4
13.934753121233088,1.2709228827270078,4
13.408932533907011,4.159246321458886,4
11.829810450229811,3.4489307403484695,4
12.463670908961122,3.659903759001441,4
13.235153908286566,3.0129725553666686,4
12.063377688643516,2.568149326231854,4
12.67962736879342,2.9238764490182017,4
11.945147613312873,4.916776236537091,4
12.602667448833294,3.8424961835036804,4
12.040864446458054,2.3132895220402014,4
12.719171786842342,2.8651716901961968,4
11.04909581891166,3.178761969449733,4
11.423412612073244,2.8796292995102033,4
13.374169548400248,2.2125088568415574,4
14.597970028733082,1.9314560967912684,4
11.824573740964997,3.931727238064503,4
11.593404532406957,4.476866843557174,4
10.480554975643594,3.4967148070444014,4
11.867637973120209,2.2578321302355286,4
12.98161252350278,3.2448270202873117,4
12.543960119925632,3.3548773406138643,4
13.21440529232214,3.793459933444037,4
12.586779053174366,2.960248831541414,4
11.796793066394393,4.149983445134831,4
13.335270722635814,3.592145939954464,4
14.470778521553544,2.238777078543523,4
11.980590695703338,2.7963214104578933,4
12.414869743168866,3.997411922953341,4
13.175445781422585,3.029343215514767,4
13.762851463294796,3.316536746773694,4
10.239166001013144,3.0394001921722085,4
12.091677530769008,2.6700221929888275,4
13.220490650861038,3.3633957924127458,4
12.771820917184481,1.8013311674075412,4
12.490729912129774,4.614566518247635,4
11.857426866233606,2.8884880441252396,4
12.063423265803907,1.726669973502949,4
13.111301098928895,1.4569315881026499,4
13.039204574440653,3.2980547858000735,4
12.005867173688376,3.7188756385625985,4
12.606806494177318,4.199639008508522,4
11.046257089371794,2.8588027283989526,4
12.72357369800285,3.2917701658717613,4
12.928941250756726,4.28583186980883,4
11.859584105450939,2.568883172319449,4
12.220582267726899,3.5969799662694952,4
12.812884615431173,3.4342803330442977,4
9.678966991979507,2.26756291747426,4
13.77358974301268,2.9369953618680524,4
13.469674931087516,2.8167050026736553,4
12.727734569968986,2.5681438210018572,4
13.273937412765559,3.31692313109649,4
13.468309723530126,3.4310148633752027,4
13.418180911761956,3.6488875595765156,4
12.931618297669322,4.417813281366514,4
12.58953567016495,2.2420061172191,4
11.273113524272576,3.718194029064889,4
12.108011762161068,2.3807816214994375,4
12.604671229237338,3.542795149134427,4
12.600598900278436,3.4096410214011033,4
11.573759440694246,2.3322530488887123,4
11.945509258550826,2.9792241253070006,4
13.71957450732004,2.5469150932104623,4
11.090349783591304,2.1652838519779642,4
13.193787911231603,3.010835703437715,4
12.023030376946327,1.9538054056063494,4
12.016295037266088,3.1695036713090166,4
10.724301920391362,3.884306942784476,4
12.421687042862246,2.923110425083709,4
10.557774296474985,1.760183254330767,4
11.117071153297834,2.8977924066237457,4
11.260657606761717,3.0426832831138304,4
13.861702710248833,2.9618648049011593,4
12.036613612794817,2.802878619628704,4
14.454629181724663,2.590546922911066,4
12.597989513157097,3.6412510078348728,4
12.307947197765083,1.8231751699496836,4
13.909587669252137,4.050248052189822,4
11.090886404420102,4.024487646310893,4
12.963096487360799,3.1947568378237463,4
13.006170849127423,2.415419786467209,4
12.662763243155764,2.6519205954581344,4
13.197668712231499,3.840702485315595,4
13.27593042443143,3.577199022913853,4
12.040603269105569,2.0404757603336425,4
10.813240270915907,2.1338582279639255,4
12.596712212642664,4.449098725880465,4
12.935218987708158,3.6209804761295548,4
12.305364945577258,2.476959196989352,4
12.764366604870336,3.737783261736544,4
13.461888675093757,3.272532691512692,4
11.0432004512098,1.6544954240162562,4
11.324107983031013,4.396249510515317,4
12.470172554175958,4.007398694308293,4
11.91954198366472,2.949372309403919,4
12.642210703145823,1.761027088997288,4
12.355145714238104,3.922380470417146,4
11.718287512641362,3.2037850028345236,4
11.084411682887946,3.7536980874802395,4
13.040746671940664,4.722176118159044,4
13.255807040921477,2.9578983105027326,4
12.735297255913085,3.4935508004771623,4
11.841445940935417,4.539714585371294,4
12.95675521051909,5.417195795585988,4
13.339451559213801,3.3672943550141623,4
12.661169899843083,1.7400555135223057,4
12.592662975882316,3.4851458966469706,4
12.848537284197189,4.03507753893237,4
14.14320642761056,3.1753826177826605,4
12.270899085670756,4.07645548091045,4
11.538232436112562,4.197722617623703,4
13.347484754297273,2.676131448387072,4
12.525363194520626,2.817809018112403,4
12.632112091173497,2.8486162248565363,4
12.554750005041022,1.9273840314778488,4
13.425939104696397,3.4338145428193,4
13.527919884227948,3.1937244627604695,4
13.018586031881968,3.3486883782033066,4
11.86876852743136,3.556351806439694,4
13.163813792142493,2.2926092078826015,4
13.55411616221929,3.350421866639159,4
